sequence,label
CGCGACTACGATGAGATGCCTGAGTGCTTCCGTTACTGGATTGTCACCAAGGCTTCC,0
TACTAGCAATACGCTTGCGTTCGGTGGTTAAGTATGTATAATGCGCGGGCTTGTCGT,1
CTGCAATTTTTCTATTGCGGCCTGCGGAGAACTCCCTATAATGCGCCTCCATCGACA,1
CCGTTTATTTTTTCTACCCATATCCTTGAAGCGGTGTTATAATGCCGCGCCCTCGAT,1
TTCGCATATTTTTCTTGCAAAGTTGGGTTGAGCTGGCTAGATTAGCCAGCCAATCTT,1
TAACATTAATAAATAAGGAGGCTCTAATGGCACTCATTAGCCAATCAATCAAGAACT,0
TGTGCAGTTTATGGTTCCAAAATCGCCTTTTGCTGTATATACTCACAGCATAACTGT,1
TTACTGTGAACATTATTCGTCTCCGCGACTACGATGAGATGCCTGAGTGCTTCCGTT,0
CATGTCAGCCTCGACAACTTGCATAAATGCTTTCTTGTAGACGTGCCCTACGCGCTT,0
CACTAATTTATTCCATGTCACACTTTTCGCATCTTTGTTATGCTATGGTTATTTCAT,1
TTCGTCTCCGCGACTACGATGAGATGCCTGAGTGCTTCCGTTACTGGATTGTCACCA,0
AGGGGCAAGGAGGATGGAAAGAGGTTGCCGTATAAAGAAACTAGAGTCCGTTTAGGT,1
GGCCAAAAAATATCTTGTACTATTTACAAAACCTATGGTAACTCTTTAGGCATTCCT,1
TCTGAAATGAGCTGTTGACAATTAATCATCGAACTAGTTAACTAGTACGCAAGTTCA,1
ATAGTCTCAGAGTCTTGACCTACTACGCCAGCATTTTGGCGGTGTAAGCTAACCATT,0
TTAGAGAGCATGTCAGCCTCGACAACTTGCATAAATGCTTTCTTGTAGACGTGCCCT,0
GAGGTGGCTATGTGTATGACCGAACGAGTCAATCAGACCGCTTTGACTCTGGTATTA,0
TTGTCATAATCGACTTGTAAACCAAATTGAAAAGATTTAGGTTTACAAGTCTACACC,1
CAATGGCCTCTAAACGGGTCTTGAGGGGTTTTTTGCTGAAAGGAGGAACTATATGCG,0
ATCCCTAATGTCTACTTCCGGTCAATCCATCTACGTTAACCGAGGTGGCTATGTGTA,0
TTTTAAATTTCCTCTTGTCAGGCCGGAATAACTCCCTATAATGCGCCACCACTGACA,1
ATTACAAAAAGTGCTTTCTGAACTGAACAAAAAAGAGTAAAGTTAGTCGCGTAGGGT,1
GATCGCACGATCTGTATACTTATTTGAGTAAATTAACCCACGATCCCAGCCATTCTT,1
GAGAGCATGTCAGCCTCGACAACTTGCATAAATGCTTTCTTGTAGACGTGCCCTACG,0
TCTCAACGTAACACTTTACAGCGGCGCGTCATTTGATATGATGCGCCCCGCTTCCCG,1
AACGCATACGGTATTTTACCTTCCCAGTCAAGAAAACTTATCTTATTCCCACTTTTC,1
GAAGACCACGCCTCGCCACCGAGTAGACCCTTAGAGAGCATGTCAGCCTCGACAACT,0
TATTGGCTTGCTCAAGCATGAACTCAAGGCTGATACGGCGAGACTTGCGAGCCTTGT,0
GCCAATCAATCAAGAACTTGAAGGGTGGTATCAGCCAACAGCCTGACATCCTTCGTT,0
AAAAACGTCATCGCTTGCATTAGAAAGGTTTCTGGCCGACCTTATAACCATTAATTA,1
CGTCTATCGGTGAACCTCCGGTATCAACGCTGGAAGGTGACGCTAACGCAGATGCAG,0
TAGAGGGTGTACTCCAAGAAGAGGAAGATGAGGCTAGACGTCTCTGCATGGAGTATG,0
CTATATGCGCTCATACGATATGAACGTTGAGACTGCCGCTGAGTTATCAGCTGTGAA,0
CAGAAACGTTTTATTCGAACATCGATCTCGTCTTGTGTTAGAATTCTAACATACGGT,1
TGCTGAAAGGAGGAACTATATGCGCTCATACGATATGAACGTTGAGACTGCCGCTGA,0
TATTCGTCTCCGCGACTACGATGAGATGCCTGAGTGCTTCCGTTACTGGATTGTCAC,0
GCAAAAATAAATGCTTGACTCTGTAGCGGGAAGGCGTATTATGCACACCCCGCGCCG,1
GACACCATCGAATGGCGCAAAACCTTTCGCGGTATGGCATGATAGCGCCCGGAAGAG,1
GCCTTCTCCAAAACGTGTTTTTTGTTGTTAATTCGGTGTAGACTTGTAAACCTAAAT,1
TCGATAATTAACTATTGACGAAAAGCTGAAAACCACTAGAATGCGCCTCCGTGGTAG,1
TCTCAACAAGATTAACCGACAGATTCAATCTCGTGGATGGACGTTCAACATTGAGGA,0
ATGCGCAACGCGGGGTGACAAGGGCGCGCAAACCCTCTATACTGCGCGCCGAAGCTG,1
TGTAAACTAATGCCTTTACGTGGGCGGTGATTTTGTCTACAATCTTACCCCCACGTA,1
TGTTGATTTTCCATGCGGTGTTTTGCGCAATGTTAATCGCTTTGTACACCTCAGGCA,0
CGACCGAAGCGAGCCTCGTCCTCAATGGCCTCTAAACGGGTCTTGAGGGGTTTTTTG,0
ACAGTTATCCACTATTCCTGTGGATAACCATGTGTATTAGAGTTAGAAAACACGAGG,1
ATGCATTTTTCCGCTTGTCTTCCTGAGCCGACTCCCTATAATGCGCCTCCATCGACA,1
CATCCTCGCACCAGTCGACGACGGTTTACGCTTTACGTATAGTGGCGACAATTTTTT,1
ACCGGAAGAAAACCGTGACATTTTAACACGTTTGTTACAAGGTAAAGGCGACGCCGC,1
TTGACCTACTACGCCAGCATTTTGGCGGTGTAAGCTAACCATTCCGGTTGACTCAAT,0
CAGCGGCAGCACGTTTCCACGCGGTGAGAGCCTCAGGATTCATGTCGATGTCTTCCG,0
CCTGAAATTCAGGGTTGACTCTGAAAGAGGAAAGCGTAATATACGCCACCTCGCGAC,1
CCATCAAAAAAATATTCTCAACATAAAAAACTTTGTGTAATACTTGTAACGCTACAT,1
AAGCAAAGAAATGCTTGACTCTGTAGCGGGAAGGCGTATTATGCACACCGCCGCGCC,1
ATATGAACGTTGAGACTGCCGCTGAGTTATCAGCTGTGAACGACATTCTGGCGTCTA,0
CCGAGTAGACCCTTAGAGAGCATGTCAGCCTCGACAACTTGCATAAATGCTTTCTTG,0
TGGATGGACGTTCAACATTGAGGAAGGCATAACGCTACTACCTGATGTTTACTCCAA,0
CCTTGAAAAAGAGGTTGACGCTGCAAGGCTCTATACGCATAATGCGCCCCGCAACGC,1
CAGGGGGTGGAGGATTTAAGCCATCTCCTGATGACGCATAGTCAGCCCATCATGAAT,1
TAAAAAACTAACAGTTGTCAGCCTGTCCCGCTTATAAGATCATACGCCGTTATACGT,1
GTATTCTCAACAAGATTAACCGACAGATTCAATCTCGTGGATGGACGTTCAACATTG,0
ACGCTAACGCAGATGCAGCGAACGCTCGGCGTATTCTCAACAAGATTAACCGACAGA,0
CGACTTAATATACTGCGACAGGACGTCCGTTCTGTGTAAATCGCAATGAAATGGTTT,1
AGGAGGAACTACGCAAGGTTGGAACATCGGAGAGATGCCAGCCAGCGCACCTGCACG,0
TGGCGTCTATCGGTGAACCTCCGGTATCAACGCTGGAAGGTGACGCTAACGCAGATG,0
TTACGTTGGCGACCGCTAGGACTTTCTTGTTGATTTTCCATGCGGTGTTTTGCGCAA,0
CTGTTGTTCAGTTTTTGAGTTGTGTATAACCCCTCATTCTGATCCCAGCTTATACGG,1
CTACGGTGGGTACAATATGCTGGATGGAGATGCGTTCACTTCTGGTCTACTGACTCG,0
TGAAGTGCTTAGCTTCAAGGTCACGGATACGACCGAAGCGAGCCTCGTCCTCAATGG,0
TTAGCGGATCCTACCTGACGCTTTTTATCGCAACTCTCTACTGTTTCTCCATACCCG,1
TATGACCGAACGAGTCAATCAGACCGCTTTGACTCTGGTATTACTGTGAACATTATT,0
AAACAATTTCAGAATAGACAAAAACTCTGAGTGTAATAATGTAGCCTCGTGTCTTGC,1
AAGTGCTTAGCTTCAAGGTCACGGATACGACCGAAGCGAGCCTCGTCCTCAATGGCC,0
ATGCAATTTTTTAGTTGCATGAACTCGCATGTCTCCATAGAATGCGCGCTACTTGAT,1
AACGAGTCAATCAGACCGCTTTGACTCTGGTATTACTGTGAACATTATTCGTCTCCG,0
AACTCAAGGCTGATACGGCGAGACTTGCGAGCCTTGTCCTTGCGGTACACAGCAGCG,0
